P1 DID,P1 Bnet,P1 peak,P1 S24,P1 S23,P1 S22,P1 S24-a,P1 S23-a,P1 S22-a,P2 DID,P2 Bnet,P2 peak,P2 S24,P2 S23,P2 S22,P2 S24-a,P2 S23-a,P2 S22-a
Matt (neenjaaa_)#2969,SOĿDIER77#2911,3813,https://cdn.discordapp.com/attachments/174196889778913290/764525734705758248/unknown.png,https://cdn.discordapp.com/attachments/174196889778913290/764525836710707211/unknown.png,https://cdn.discordapp.com/attachments/174196889778913290/764525789831233566/unknown.png,,,,Guycepp#9666,Guycepp#2795,4096,https://cdn.discordapp.com/attachments/174196889778913290/764528556708855848/unknown.png,https://cdn.discordapp.com/attachments/174196889778913290/764528516636868608/unknown.png,https://cdn.discordapp.com/attachments/174196889778913290/764528447116410890/unknown.png,,,
Tomasp117#4559,Tomasp117#2465,3572,https://cdn.discordapp.com/attachments/373464692309360643/762972763794702366/unknown.png,https://cdn.discordapp.com/attachments/373464692309360643/762972805624627200/unknown.png,https://cdn.discordapp.com/attachments/373464692309360643/762972852277870612/unknown.png,,,,Crescent#2270,Moonshake#21235,3365,https://cdn.discordapp.com/attachments/373464692309360643/762974552632197130/unknown.png,https://cdn.discordapp.com/attachments/373464692309360643/762974636174475264/unknown.png,https://cdn.discordapp.com/attachments/373464692309360643/762974690200649728/unknown.png,,,
LCama#3959,LordCama#2165,2637,https://cdn.discordapp.com/attachments/502222280827600927/763120222512611338/Overwatch_Cama_s24.png,https://cdn.discordapp.com/attachments/502222280827600927/763120259317497866/Overwatch_Cama_s23.png,https://cdn.discordapp.com/attachments/502222280827600927/763120275746586694/Overwatch_Cama_s22.png,,,,MunchinMouse#5503,MunchinMouse#2611,2557,https://cdn.discordapp.com/attachments/502222280827600927/763131905733951498/Overwatch_Mouse_s24.png,https://cdn.discordapp.com/attachments/502222280827600927/763131906204106752/Overwatch_Mouse_s23.png,https://media.discordapp.net/attachments/502222280827600927/763131906623406130/Overwatch_Mouse_s22.png,,,
Chippy#9391,Chippy#21320,3910,https://cdn.discordapp.com/attachments/611123607942332433/764943562910728202/Season_24-_Chippy.png,https://cdn.discordapp.com/attachments/611123607942332433/764943538378899456/Season_23-_Chippy.png,https://cdn.discordapp.com/attachments/611123607942332433/764943511736549456/Season_22-_Chippy.png,https://cdn.discordapp.com/attachments/611123607942332433/764943562910728202/Season_24-_Chippy.png,https://cdn.discordapp.com/attachments/611123607942332433/764943538378899456/Season_23-_Chippy.png,https://cdn.discordapp.com/attachments/611123607942332433/764943511736549456/Season_22-_Chippy.png,JonnyPoostead#9356,FroggyP#2619,3153,https://cdn.discordapp.com/attachments/611123607942332433/764943528354643978/Season_22-_Froggy.png,https://cdn.discordapp.com/attachments/611123607942332433/764943538269585468/Season_23-_Froggy.png,https://cdn.discordapp.com/attachments/611123607942332433/764943528354643978/Season_22-_Froggy.png,,,
Fish #3270,Ollie5541#2630,3551,https://cdn.discordapp.com/attachments/622885351626768405/764423757262618624/unknown.png,https://cdn.discordapp.com/attachments/622885351626768405/764423802414694430/unknown.png,https://cdn.discordapp.com/attachments/622885351626768405/764423872904429598/unknown.png,,,,Basement#5405,Darke#21754,3274,https://cdn.discordapp.com/attachments/643979499653824545/764498932129988669/ScreenShot_20-10-10_16-45-33-000.jpg,https://cdn.discordapp.com/attachments/643979499653824545/764220715175116800/ScreenShot_20-10-09_19-49-32-000.jpg,https://cdn.discordapp.com/attachments/643979499653824545/764220667272232960/ScreenShot_20-10-09_19-49-22-000.jpg,,,
cabbage lord#0402,THOR#22829,2471,https://cdn.discordapp.com/attachments/706114384874831918/763804103163117629/ScreenShot_20-10-08_18-41-00-000.jpg,https://cdn.discordapp.com/attachments/706114384874831918/763805398016458762/ScreenShot_20-10-08_18-49-14-000.jpg,https://cdn.discordapp.com/attachments/706114384874831918/763806868367736873/ScreenShot_20-10-08_18-55-04-000.jpg,,,,KreativKin #8779,KreativKinTV#2702,3152,https://cdn.discordapp.com/attachments/706114384874831918/765146762813243392/ScreenShot_20-10-12_11-39-30-000.jpg,https://cdn.discordapp.com/attachments/706114384874831918/763807738681229352/ScreenShot_20-10-08_18-58-31-000.jpg,https://cdn.discordapp.com/attachments/706114384874831918/763807856691642398/ScreenShot_20-10-08_18-59-00-000.jpg,,,
Kattos Senju#5989,Kattos#21267,3569,https://cdn.discordapp.com/attachments/712347603580485643/765313051128889354/Snimek_obrazovky_126.png,https://cdn.discordapp.com/attachments/712347603580485643/765313028114743306/Snimek_obrazovky_127.png,https://cdn.discordapp.com/attachments/712347603580485643/765313002559242280/Snimek_obrazovky_128.png,,,,DuroSan#7029,DuroSan#21393,3525,https://cdn.discordapp.com/attachments/765313448397111296/765314395215233075/unknown.png,https://cdn.discordapp.com/attachments/765313448397111296/765314356652015646/unknown.png,https://cdn.discordapp.com/attachments/765313448397111296/765314315954814996/unknown.png,,,
Loony#8160,PepegaClap#2173,3064,https://cdn.discordapp.com/attachments/723528986638155806/763436890719780934/Pepega3.png,https://cdn.discordapp.com/attachments/723528986638155806/763436879324119050/Pepega2.png,https://cdn.discordapp.com/attachments/723528986638155806/763436867072294922/Pepega1.png,,,,DundaZupa #8964,DundaZupa#2122,2371,https://cdn.discordapp.com/attachments/705053751748198430/763436506714996756/unknown.png,https://cdn.discordapp.com/attachments/705053751748198430/763436468940439573/unknown.png,https://cdn.discordapp.com/attachments/705053751748198430/763436445100277771/unknown.png,,,
Aces#8628,Aces#21284,3103,https://cdn.discordapp.com/attachments/741225706327113800/763852976699473970/2020-10-08_3.png,https://cdn.discordapp.com/attachments/741225706327113800/763853047243603968/2020-10-08_4.png,https://cdn.discordapp.com/attachments/741225706327113800/763853094500696064/2020-10-08_5.png,https://cdn.discordapp.com/attachments/741225706327113800/763852976699473970/2020-10-08_3.png,https://cdn.discordapp.com/attachments/741225706327113800/763853047243603968/2020-10-08_4.png,https://cdn.discordapp.com/attachments/741225706327113800/763853094500696064/2020-10-08_5.png,Adeft#8362,Adeft#21957,3020,https://cdn.discordapp.com/attachments/741360696314429463/763852796406923304/unknown.png,https://cdn.discordapp.com/attachments/741360696314429463/763852828287696946/unknown.png,https://cdn.discordapp.com/attachments/741360696314429463/763852868121264178/unknown.png,https://cdn.discordapp.com/attachments/741360696314429463/763852796406923304/unknown.png,https://cdn.discordapp.com/attachments/741360696314429463/763852828287696946/unknown.png,https://cdn.discordapp.com/attachments/741360696314429463/763852868121264178/unknown.png
FilipF#9357,StarCrossed#11271,3534,https://cdn.discordapp.com/attachments/746781873514217543/763748355452436490/ScreenShot_20-10-08_15-03-00-000.jpg,https://cdn.discordapp.com/attachments/746781873514217543/763748358002573352/ScreenShot_20-10-08_15-03-03-000.jpg,https://cdn.discordapp.com/attachments/746781873514217543/763748361593028608/ScreenShot_20-10-08_15-03-05-000.jpg,,,,moshmack #3088,moshmack#2789,2572,https://cdn.discordapp.com/attachments/746781916816080926/763054382169194516/unknown.png,https://cdn.discordapp.com/attachments/746781916816080926/763054556631924736/unknown.png,https://cdn.discordapp.com/attachments/746781916816080926/763054705067950130/unknown.png,,,
Rock#0027,Tharyelot#2568,3489,https://cdn.discordapp.com/attachments/755823652703961168/763331934168154142/ScreenShot_20-10-07_11-20-40-000.jpg,https://cdn.discordapp.com/attachments/755823652703961168/763331945789915136/ScreenShot_20-10-07_11-20-46-000.jpg,https://cdn.discordapp.com/attachments/755823652703961168/763331987900727326/ScreenShot_20-10-07_11-20-49-000.jpg,,,,SenKH#4243,SenKH#21361,3151,https://cdn.discordapp.com/attachments/755823652703961168/763332033727430686/ScreenShot_20-10-07_11-21-10-000.jpg,https://cdn.discordapp.com/attachments/755823652703961168/763332048286121994/ScreenShot_20-10-07_11-21-13-000.jpg,https://cdn.discordapp.com/attachments/755823652703961168/763332059400896542/ScreenShot_20-10-07_11-21-15-000.jpg,,,
Fatal#3918,Fatal#21768,3818,https://cdn.discordapp.com/attachments/764222790475317259/764224920937955328/unknown.png,https://cdn.discordapp.com/attachments/764222790475317259/764226519270424666/unknown.png,https://cdn.discordapp.com/attachments/764222790475317259/764226561741815838/unknown.png,,,,Pepjin#2193,Pepjin#2486,3872,https://cdn.discordapp.com/attachments/764222790475317259/764225029788925952/unknown.png,https://cdn.discordapp.com/attachments/764222790475317259/764225050974617600/unknown.png,https://cdn.discordapp.com/attachments/764222790475317259/764225061971951656/unknown.png,,,
Rize #9512,RiZe1461#2482,3192,https://cdn.discordapp.com/attachments/764807649521958953/764807741196992522/Screenshot_363.png,https://cdn.discordapp.com/attachments/764807649521958953/764807756212600842/Screenshot_364.png,https://cdn.discordapp.com/attachments/764807649521958953/764807771270414336/Screenshot_365.png,https://cdn.discordapp.com/attachments/764807649521958953/764807741196992522/Screenshot_363.png,https://cdn.discordapp.com/attachments/764807649521958953/764807756212600842/Screenshot_364.png,https://cdn.discordapp.com/attachments/764807649521958953/764807771270414336/Screenshot_365.png,Shadow. #4995,ShadowTitan#21510,2765,https://cdn.discordapp.com/attachments/764807649521958953/764808961592786944/Screenshot_367.png,https://cdn.discordapp.com/attachments/764807649521958953/764808717991804938/Screenshot_368.png,https://cdn.discordapp.com/attachments/764807649521958953/764808553004662784/Screenshot_369.png,https://cdn.discordapp.com/attachments/764807649521958953/764808961592786944/Screenshot_367.png,https://cdn.discordapp.com/attachments/764807649521958953/764808717991804938/Screenshot_368.png,https://cdn.discordapp.com/attachments/764807649521958953/764808553004662784/Screenshot_369.png
RushDaOz#7573,RushDaOzŦ#2692,3558,https://cdn.discordapp.com/attachments/764908697021317161/767687844633640970/ScreenShot_20-10-11_18-47-47-000.jpg,https://cdn.discordapp.com/attachments/764908697021317161/767687840154517534/ScreenShot_20-10-11_18-48-00-000.jpg,https://cdn.discordapp.com/attachments/764908697021317161/767687838732779540/ScreenShot_20-10-11_18-48-05-000.jpg,,,,grounson#6509,Token21447,3097,https://cdn.discordapp.com/attachments/764908697021317161/767687800924799016/ScreenShot_20-10-11_18-58-43-000.jpg,https://cdn.discordapp.com/attachments/764908697021317161/767687797451522048/ScreenShot_20-10-11_18-58-46-000.jpg,https://cdn.discordapp.com/attachments/764908697021317161/767687795132203008/ScreenShot_20-10-11_18-58-50-000.jpg,,,
Quadcore #8266,Quadcore#21964,3100,https://cdn.discordapp.com/attachments/767479218715623474/767479240777007154/unknown.png,https://cdn.discordapp.com/attachments/767479218715623474/767479271727562762/unknown.png,https://cdn.discordapp.com/attachments/767479218715623474/767479299867017266/unknown.png,,,,Lazay #9153,gonzo#22253,3200,https://cdn.discordapp.com/attachments/762767133444669490/767487234899181608/IMG_20201018_233943.jpg,https://cdn.discordapp.com/attachments/762767133444669490/767487222076801074/IMG_20201018_233953.jpg,https://cdn.discordapp.com/attachments/762767133444669490/767487209007349820/IMG_20201018_234000.jpg,,,
Der LK #9824,Calcululus#2199,3278,https://drive.google.com/file/d/19NYaURy9KsAcHIl4v66jLL_5k-ono0_S/view?usp=sharing,https://drive.google.com/file/d/1P-S8Qcn8pVV5aa5OYMfNXjDJrwd7HOQi/view?usp=sharing,https://drive.google.com/file/d/1rG-yHNISm4-_jVilD4QlHcnU1JbgZT34/view?usp=sharing,,,,Gdenth #4795,Gdenth#2642,3102,https://drive.google.com/file/d/1Y95JDsE49qDoBrWo2Jm4zuiTxkDtaFph/view?usp=sharing,https://drive.google.com/file/d/1DdRfNq08qs40xG0W3L1Q8GkWK4iCd2nK/view?usp=sharing,https://drive.google.com/file/d/1Qtlrj54MOJ6mkRFQBqbbERCc4XW45qCm/view?usp=sharing,,,
Glemdal#5652,Glemdal#2360,4176,https://gyazo.com/fcfb911a2a2ba86b9768c1be28cb13e6,https://gyazo.com/e7f49a67289df05fdc353fad4d77c043,https://gyazo.com/c58ab204ef7fbf2db124bcb6ba8c17f1,,,,Dink_Dunk #6805,DinkDunk#2317,3988,https://gyazo.com/c0fd0ff1b23ce88a64a4b2f362923711,https://gyazo.com/6021b14820a67bea18c919336dcf8924,https://gyazo.com/1b6b4fbe4ca973eb8850db81684ede92,https://gyazo.com/469bef0de16b02496c46a0a4bdc67a23,https://gyazo.com/469bef0de16b02496c46a0a4bdc67a23,https://gyazo.com/72c09db21fa41be2c8ffbf9a76400f85
Cydar#0181,Cydar#21867,3512,https://i.imgur.com/85O1m8X.jpg,https://i.imgur.com/t7E1qgY.jpg,https://i.imgur.com/ClDJe3d.jpg,,,,notnotJess#7048,OfTarth#2652,3014,https://i.imgur.com/1IGyQDB.jpg,https://i.imgur.com/yWZ5CBR.jpg,https://i.imgur.com/X7Yc9np.jpg,,,
JuJuMan#9539,JuJuMan#21643,3785,https://i.imgur.com/8hSEqzh.png,https://i.imgur.com/KBMqzvL.png,https://i.imgur.com/5ruIgZQ.png,,,,VeikkoT #7385,VeikkoT#2841,4015,https://imgur.com/q9ax23w,https://imgur.com/UvaITKI,https://imgur.com/NHEiAfE,,,
Pugsie#1500,Pugsie#2762,2000,https://i.imgur.com/9LPJJJY.jpg,https://i.imgur.com/l5erLE2.jpg,https://i.imgur.com/c8oDpFV.jpg,,,,LEGNA#1035,LEGNA#21780,2614,https://i.imgur.com/V18ZA1N.png,https://i.imgur.com/36Qj4fL.png,https://i.imgur.com/co40dTG.png,,,
Gundalf#0608,Ðetest#21770,3913,https://i.imgur.com/aZVvnIy.jpeg,https://i.imgur.com/0wfpXC1.jpg,https://i.imgur.com/lpQ9bye.jpeg,https://i.imgur.com/lgq3KaG.jpg,https://i.imgur.com/lgq3KaG.jpg,https://i.imgur.com/wYvI1xW.jpg,TheKingMode#3925,KingMode#21415,4187,https://i.imgur.com/T0D2gUx.jpg,https://i.imgur.com/E8mQjkW.jpeg,https://i.imgur.com/h6smfjz.jpeg,https://i.imgur.com/dXWFGev.jpg,https://i.imgur.com/kAnuCNg.jpg,https://i.imgur.com/aRqEB1Y.jpg
Quagony#8292,Quag#21691,3230,https://i.imgur.com/FvnAjDE.png,https://i.imgur.com/ncRIxec.png,https://i.imgur.com/mTEZ4MW.png,,,,Mano/Taiyou #8708,Taiyou#21334,3238,https://i.imgur.com/aQ7WUs9.png,https://i.imgur.com/A5tUQ8x.png,https://i.imgur.com/wXAX2uQ.png,,,
deinial#1383,deinial#2386,4094,https://i.imgur.com/iEr3klC.jpg,https://i.imgur.com/PJbu22w.jpg,https://i.imgur.com/5V8Ks2o.jpeg,,,,Shady#1337,Cairngorm#21770,4000,https://i.imgur.com/gstr6Jk.jpg,https://i.imgur.com/mTRwdIS.jpg,https://i.imgur.com/9mBw2AY.jpg,,,
Pikachu#7564,Pikachu#22985,2780,https://i.imgur.com/il1Wvif.png,https://i.imgur.com/gS6OSkY.png,https://i.imgur.com/oXBvbE9.png,,,,therealFDD#9999,thefakeFDD#2976,3064,https://i.imgur.com/O5vr7h2.png,https://i.imgur.com/v70AAo5.png,https://i.imgur.com/eJEksPQ.png,https://i.imgur.com/Km1KtNq.png,https://i.imgur.com/u9Diyde.png,https://i.imgur.com/siaJ1Lp.png
Halexox15#8024,Halexox15#2641,3088,https://i.imgur.com/IPkxjWf.png,https://i.imgur.com/OqzcDML.png,https://i.imgur.com/9BV38Ry.png,,,,shottie#7990,ADM#21394,3198,https://i.imgur.com/9oA9M2P.png,https://i.imgur.com/razLqX9.png,https://i.imgur.com/vhfE7tx.png,,,
Roos#6874,Rose#23916,2960,https://i.imgur.com/M9PL4bn.jpg,https://i.imgur.com/Gcy52BR.jpg,https://i.imgur.com/AqdPEgb.jpg,,,,pko65#0729,pko65#2945,3074,https://i.imgur.com/WYtvtVt.png,https://i.imgur.com/cJVuH7Q.png,https://i.imgur.com/ogIFjgg.png,,,
Luci#0753,Luci#21294,3046,https://i.imgur.com/WZYziMr.png,https://i.imgur.com/GF5N3el.png,https://i.imgur.com/XByeSf9.png,,,,cmarvs#2330,cmarvs#2326,3113,https://i.imgur.com/sVCgHc3.png,https://i.imgur.com/UzM9ZHO.png,https://i.imgur.com/gw49BHV.png,,,
ToXiCRAMPAGE#2232,ToxicRampage#21230,3714,https://ibb.co/z8Ytwsj,https://ibb.co/L0JhKp7,https://ibb.co/BPDdpyH,,,,Fistfull #5185,Fistfull#21244,3221,https://ibb.co/cbr006h,https://ibb.co/rHh7hKg,https://ibb.co/CVhPt49,,,
Rubix#4962,Rubix#21250,2390,https://imgur.com/1T8aDpT,https://imgur.com/oyln04f,https://imgur.com/jFq5lqb,,,,Jonny9298#2199,LuckyOwl#225889,2587,https://imgur.com/FqSWoNv,https://imgur.com/xzxCuzs,https://imgur.com/C36lYXW,,,
krigsvroul#8592,krigsvroul#2298,3464,https://imgur.com/37IDPuG,https://imgur.com/7MHfbpB,https://imgur.com/dWt5Q1S,,,,Hawkvortex#6007,Hawkvortex#2452,2957,https://imgur.com/Ts5ElNB,https://imgur.com/8n6Bbyw,https://imgur.com/Al61FHJ,,,
Starlight#0555,Starlight#11857,2137,https://imgur.com/3HLLZra,https://imgur.com/Ve1lmXa,https://imgur.com/RpeZuVh,,,,Lucas#8501,Lucas#25840,2714,https://imgur.com/MdvtvEt,https://imgur.com/W1blBBL,https://imgur.com/fwIgvzF,,,
bossblazer#5426,xboxgenguman#2821,3372,https://imgur.com/3nNuTmX,https://imgur.com/HDCE0qa,https://imgur.com/1Wr8s3H,,,,Deian#6977,Deian#21598,3401,https://imgur.com/Xllyk1T,https://imgur.com/at1qti9,https://imgur.com/YzhTQli,,,
River#2826,Fil6523#2247,3169,https://imgur.com/4YYNqd1,https://imgur.com/z2OnT0d,https://imgur.com/KOgW23t,,,,HazeCat #1792,HazeCat#2770,3529,https://imgur.com/gg60kgz,https://imgur.com/ZHGlbVS,https://imgur.com/aOctxO0,,,
Reigns #0692,Reigns#11521,2093,https://imgur.com/64tVGK4,https://imgur.com/DZogVXH,https://imgur.com/DZogVXH,,,,SoubraX #6115,SoubraX#2243,2197,https://imgur.com/HQ80aiy,https://imgur.com/TPdKgFG,https://imgur.com/KYux2lY,,,
BG533#5895,BG533#2332,4041,https://imgur.com/7qTbF8W,https://imgur.com/ReSIKVg,https://imgur.com/eVk0quV,,,,CliMattic#3284,CliMattic#2482,4045,https://imgur.com/iZGnxFZ,https://imgur.com/AXLWl6V,https://imgur.com/R3ivLrN,,,
ottle#0744,OttleTv#2944,2449,https://imgur.com/8K97orG,https://imgur.com/xiGZg86,https://imgur.com/MQlyXEu,,,,bottomfeeder#8957,the23rd#21647,2769,https://imgur.com/HcMuLwD,https://imgur.com/MgCqatj,https://imgur.com/6s30RiD,,,
zBlackZ#3669,Black#25663,3622,https://imgur.com/a/26LApE8,https://imgur.com/a/J5agFLd,https://imgur.com/a/2qZwnXL,,,,Dempsey#4080,Dempsey#21864,3194,https://imgur.com/a/pokP5B9,https://imgur.com/a/SROfQYE,https://imgur.com/a/CPLxOVk,,,
Blink#2391,Mango#22212,3598,https://imgur.com/a/2P4q40y,https://imgur.com/a/2P4q40y,https://imgur.com/a/2P4q40y,,,,Siren#4719,Izalith#21443,3743,https://imgur.com/a/hjEwS4i,https://imgur.com/a/hjEwS4i,https://imgur.com/a/hjEwS4i,,,
nnutt#1037,nnutt#2407,2967,https://imgur.com/a/2ZKrh3c,https://imgur.com/a/2ZKrh3c,https://imgur.com/a/2ZKrh3c,,,,Shapi#8235,Shapi#21919,2322,https://imgur.com/a/JTm0Pah,https://imgur.com/a/JTm0Pah,https://imgur.com/a/JTm0Pah,,,
MarB#3262,MarB#21249,4028,https://imgur.com/a/3heaQ1x,https://imgur.com/a/4kzHAGo,https://imgur.com/a/um9lVwc,,,,DSA#2366,Minda#21426,3613,https://imgur.com/a/rKdJFT0,https://imgur.com/a/OrmdkFG,https://imgur.com/a/yrbrupm,,,
koyle#5648,Koyle#21767,2583,https://imgur.com/a/3rIxbRa,https://imgur.com/a/pWiI4rY,https://imgur.com/a/jCeiQWb,,,,Nyon#6593,ĤĔǺĿŜ404ǃǃǃ#2962,3070,https://imgur.com/a/OmWJbVm,https://imgur.com/a/X8TqHiV,https://imgur.com/a/nkOvIRl,,,
Starjad590#4836,starjad590#2753,2353,https://imgur.com/a/4A13Vb1,https://imgur.com/a/3up1r9p,https://imgur.com/a/4CtS4Tj,,,,Belzameth #9172,Belzameth#2963,2664,https://imgur.com/a/wP8FSmb,https://imgur.com/a/rleUTtl,https://imgur.com/a/BSbFNFD,,,
CheezyGV#5823,CheezyGV#2661,3465,https://imgur.com/a/4OdmbS2,https://imgur.com/a/4OdmbS2,https://imgur.com/a/4OdmbS2,,,,Aastrai#2413,Aastrai#2103,3111,https://imgur.com/a/p24y2x9,https://imgur.com/a/p24y2x9,https://imgur.com/a/p24y2x9,,,
Vroom Bomm#7895,OleBomm#2555,3561,https://imgur.com/a/54zARDA,https://imgur.com/a/rDoCzRN,https://imgur.com/a/Ex7bOU5,,,,AceCyrex#9905,AceCyrex#2555,3331,https://imgur.com/a/AgyCi4j,https://imgur.com/a/PUuvPSz,https://imgur.com/a/8CQhjhf,,,
Simik#3165,Simik#21729,3015,https://imgur.com/a/6S2MywI,https://imgur.com/a/6S2MywI,https://imgur.com/a/6S2MywI,,,,Phaze #3703,Fantastical#21560,2728,https://imgur.com/a/pUldj7d,https://imgur.com/a/pUldj7d,https://imgur.com/a/pUldj7d,,,
Parlora#7768,Parlora#2145,2961,https://imgur.com/a/82U6MCT,https://imgur.com/a/kKTh8VV,https://imgur.com/a/hYrxuOz,,,,JamieTheAverage#1599,JTheAverage#2616,2567,https://imgur.com/a/Ke4k3LE,https://imgur.com/a/4Uaj6iq,https://imgur.com/a/rkeJyDC,,,
vava#2560,vava#21711,2472,https://imgur.com/a/8jj2D8j,https://imgur.com/a/vft51bZ,https://imgur.com/a/JPwOsOi,,,,FT - Dynamis#4788,Dynamis#21578,2638,https://imgur.com/a/O1YJozS,https://imgur.com/a/JsQ9Zvf,https://imgur.com/a/XNfYd4e,,,
yeepeey #8961,yeepeey#2470,4386,https://imgur.com/a/9jl2Ez3,https://imgur.com/a/KJhkLay,https://imgur.com/a/tHbIsTD,,,,shelter.#2121,SHELTER#22510,3991,https://imgur.com/a/ldhLMAy,https://imgur.com/a/knEKfkB,https://imgur.com/a/TH7wzmH,,,
Reisul#6341,Reisul#2777,2300,https://imgur.com/a/9uSjox2,https://imgur.com/a/9uSjox2,https://imgur.com/a/9uSjox2,https://imgur.com/a/9uSjox2,https://imgur.com/a/9uSjox2,https://imgur.com/a/9uSjox2,Calamar#4488,Calamar23#2286,2784,https://imgur.com/a/ydAFJhE,https://imgur.com/a/ydAFJhE,https://imgur.com/a/ydAFJhE,https://imgur.com/a/ydAFJhE,https://imgur.com/a/ydAFJhE,https://imgur.com/a/ydAFJhE
Kuma#6597,Kuma#2973,3127,https://imgur.com/a/aQYj34M,https://imgur.com/a/MuZKARd,https://imgur.com/a/1euuSuQ,,,,Swaglord Hammond#6983,Archangǝl#2202,3104,https://imgur.com/a/YzNyFj3,https://imgur.com/a/TJshton,https://imgur.com/a/qHhZXyZ,,,
LordofTerrans#6663,TerranLord#21607,3137,https://imgur.com/a/cIZBije,https://imgur.com/a/pMGgtDj,https://imgur.com/a/K5dlBP7,,,,MiniTeg#6507,MiniTeg#2320,3400,https://imgur.com/yTzbCIL,https://imgur.com/mLtFJxa,https://imgur.com/A9zA8W7,,,
EliteEnte#0103,EliteEnte#21919,3275,https://imgur.com/a/DQOkXVd,https://imgur.com/a/mfUiYYY,https://imgur.com/a/Cu3ICHX,,,,Preason #2285,Feelymyaim#2440,3417,https://imgur.com/a/obyIeqM,https://imgur.com/a/EecXkyC,https://imgur.com/a/tsdiXRT,,,
Ratchet#4257,Ratchet#2465,3088,https://imgur.com/a/eEPRSPd,https://imgur.com/a/qYchvfO,https://imgur.com/a/akpnw3s,,,,Jak250#1713,Jak250#2487,2153,https://imgur.com/a/7vStxiA,https://imgur.com/a/OU6v2b9,https://imgur.com/a/akpDODP,,,
TheDoctor#6726,TheDoctor#22206,3369,https://imgur.com/a/eRN3Osf,https://imgur.com/a/pRrm7UF,https://imgur.com/a/lfJXrMe,,,,Surreal#9226,Surreal#2505,3061,https://imgur.com/VF56xKS,https://imgur.com/MpUGkvu,https://imgur.com/aKMlelE,,,
Kibi#9968,Mirri#21125,3334,https://imgur.com/a/fhf2n8q,https://imgur.com/a/gQtACXy,https://imgur.com/a/oZPhgZ0,,,,spooky fay #0424,shō#2898,3312,https://imgur.com/a/FOrXZRJ,https://imgur.com/a/rY1yPvV,https://imgur.com/a/GfXRpMj,,,
Witchking#7547,Devilking#2658,3933,https://imgur.com/a/fO5nYdX,https://imgur.com/a/b2plpUn,https://imgur.com/a/P7RfXlG,,,,Casilton#2026,Casilton#2245,3714,https://imgur.com/a/gMbpjIw,https://imgur.com/a/LgjD6X3,https://imgur.com/a/IXnJW3q,,,
Tactical#5208,Tactical#21746,4145,https://imgur.com/a/g3sxUnZ,https://imgur.com/a/7ONgFf7,https://imgur.com/a/nc2FNwL,,,,R317EE #5989,R317EE#2865,4456,https://imgur.com/a/4eblPfi,https://imgur.com/a/IptSW0Y,https://imgur.com/a/PUSKPEp,,,
abenz#8682,Abenz#21295,2593,https://imgur.com/a/H2sg3f2,https://imgur.com/a/nVRSk1E,https://imgur.com/a/wikKCcZ,,,,"Sven09#4855 ",Sven09#21138,3342,https://imgur.com/a/lLHow6X,https://imgur.com/a/n8qWTHd,https://imgur.com/a/E9ipRTI,,,
quack#3622,RestInPieces#21644,2803,https://imgur.com/a/hOqDgPU,https://imgur.com/a/NWEvr5R,https://imgur.com/a/79FyotW,,,,FLX#8254,FLX#21903,3026,https://imgur.com/a/JgbyKSt,https://imgur.com/a/HqfagaE,https://imgur.com/a/fA4UhFe,,,
Toodels#5176,Toodels#2517,3178,https://imgur.com/a/hUnhQvI,https://imgur.com/a/hUnhQvI,https://imgur.com/a/hUnhQvI,,,,Yoro#3917,Yoro#21297,3070,https://imgur.com/a/hUnhQvI,https://imgur.com/a/hUnhQvI,https://imgur.com/a/hUnhQvI,,,
Tentalex#4224,Tentalex#2839,3638,https://imgur.com/a/jzKs7eQ,https://imgur.com/a/PPgIxr7,https://imgur.com/a/Or5jIYj,,,,Swift/Skillyn#6735,SwiftShadow#2897,3575,https://imgur.com/a/nRYEcK7,https://imgur.com/a/oSscNhA,https://imgur.com/a/RuYWFM5,,,
Crimp#9615,PapaCrimp#2252,2883,https://imgur.com/a/k3lYfBD,https://imgur.com/a/k3lYfBD,https://imgur.com/a/k3lYfBD,,,,Avaiel#2119,Avaiel#2369,2819,https://imgur.com/a/jvNfuHP,https://imgur.com/a/jvNfuHP,https://imgur.com/a/jvNfuHP,,,
Hammie#5900,Hammie#21604,3037,https://imgur.com/a/MbQN1Zn,https://imgur.com/a/jfFbxZG,https://imgur.com/a/GtyKO1W,https://imgur.com/a/MbQN1Zn,https://imgur.com/a/jfFbxZG,https://imgur.com/a/GtyKO1W,Losty#6332,Losty#21199 and LOSTLeiou#2976,3215,https://imgur.com/IGa2xen,https://imgur.com/fRVmway,https://imgur.com/FGKGqsW,https://imgur.com/gCmT3Af,https://imgur.com/rF7oCju,https://imgur.com/ti6EtYK
Rosyntjie#9145,Rosyntjie#2555,2739,https://imgur.com/a/MvHw2Oz,https://imgur.com/a/fOjziBp,https://imgur.com/a/HPpxYAe,https://imgur.com/a/MvHw2Oz,https://imgur.com/a/fOjziBp,https://imgur.com/a/HPpxYAe,Krucifer#6598,Kruzifer#2172,2726,https://imgur.com/a/CZ4fQ13,https://imgur.com/a/giy7KyN,https://imgur.com/a/lv7nGc0,https://imgur.com/a/CZ4fQ13,https://imgur.com/a/giy7KyN,https://imgur.com/a/lv7nGc0
Godway #0832,Stepbro#21365,2763,https://imgur.com/a/N7quasW,https://imgur.com/a/sUTglAW,https://imgur.com/a/5xRQS9A,,,,Flamedeo #3598,FlameDeo#2532,3273,https://imgur.com/a/mqwYe69,https://imgur.com/a/E9pA0N2,https://imgur.com/a/gX1EAU2,,,
발크#6303,Valk#21922,2557,https://imgur.com/a/NfEOoK1,https://imgur.com/a/NfEOoK1,https://imgur.com/a/NfEOoK1,,,,ScuffedTiki#8468,Nano#22837,2935,https://imgur.com/a/sey1PmE,https://imgur.com/a/sey1PmE,https://imgur.com/a/sey1PmE,,,
Ellen#4920,Winnie#21225,2676,https://imgur.com/a/oFwmqmr,https://imgur.com/a/ycBxyOB,https://imgur.com/a/H2yLYnG,,,,Kristian Ost#9892,Kristian#22340,2890,https://prnt.sc/uws0uh,https://prnt.sc/uws13l,https://prnt.sc/uws1fo,,,
Jokey#1554,Jokey#21507,3102,https://imgur.com/a/P18lmlQ,https://imgur.com/a/GYlXeiO,https://imgur.com/a/Z1CL5jw,,,,birdman#6170,BirdMan#21644,2937,https://imgur.com/a/HY3k6kO,https://imgur.com/a/5r1olVo,https://imgur.com/a/ZhFlrNT,,,
Snow1.0#5731,CIA#21859,3450,https://imgur.com/a/pofUZnk,https://imgur.com/a/pofUZnk,https://imgur.com/a/pofUZnk,,,,Daniel_#1296,Killua#21260,3547,https://imgur.com/a/OztE90A,https://imgur.com/a/OztE90A,https://imgur.com/a/OztE90A,,,
kami#4895,Kami#2670,2897,https://imgur.com/a/qYC4gVl,https://imgur.com/a/6Rl5KZ0,https://imgur.com/a/tf17nrV,,,,Magenta #5497,Magenta#21867,3530,https://i.imgur.com/qDlsLwm.jpg,https://i.imgur.com/FzBj6Ll.jpg,https://i.imgur.com/TJdHu23.jpg,,,
Grey_23#1802,Grey#22700,3131,https://imgur.com/a/r6SdC3L,https://imgur.com/a/BuJqizt,https://imgur.com/a/olO6Kdn,,,,"Peter""Pelle""Petersson#4406",Phalc#2532,3404,https://imgur.com/a/O1BdnIX,https://imgur.com/a/OOY9XdW,https://imgur.com/a/XIsTxyC,,,
Bramenator#7731,Bramenator#2431,4300,https://imgur.com/a/snlPKpU,https://imgur.com/a/FAaDLEN,https://imgur.com/a/Rcs8ugZ,,,,Dwerkie#2752,Dwerkie#2717,4300,https://imgur.com/a/EBqnrRp,https://imgur.com/a/LVG5sD7,https://imgur.com/a/s1UYpze,,,
DaNinja101#1194,KillerQueen#21440,3923,https://imgur.com/a/SOb02vY,https://imgur.com/a/BKgpjBr,https://imgur.com/a/KaTrIAf,,,,Authorize#5110,Authorize#11144,3408,https://imgur.com/a/YdfMmYC,https://imgur.com/a/Zv5tlWE,https://imgur.com/a/PjaS3it,,,
Misty#0420,Missssty#2571,3782,https://imgur.com/a/swzB5tu,https://imgur.com/a/F6IY2ln,https://imgur.com/a/mlnHwPh,,,,TomyB#1459,TomyB#21818,3856,https://imgur.com/a/IYquUkb,https://imgur.com/a/n8gEdKe,https://imgur.com/a/0H2ja4V,,,
stelisevil#5928,Stelisevil#2925,2391,https://imgur.com/a/TbMPst9,https://imgur.com/a/dRJYR05,https://imgur.com/a/S5gZFOX,,,,wingedkuriboo#6812,BiküSenpai#2234,2771,https://i.imgur.com/G3IZDrTh.jpg,https://i.imgur.com/cx5NiCYh.jpg,https://i.imgur.com/N63e4Zdh.jpg,,,
Azraq#0234,Azraq#21929,3732,https://imgur.com/a/tiQzhx9,https://imgur.com/a/Y4C2SVX,https://imgur.com/a/yffMVie,,,,EmilH #9755,ClutchOne#2711,3469,https://imgur.com/a/Dk1l3Ud,https://imgur.com/a/a7OQg24,https://imgur.com/a/WxVfmaJ,,,
lobo smiler#3729,LOBO#22707,3267,https://imgur.com/a/tlypBfj,https://imgur.com/a/sQ84jCs,https://imgur.com/a/1SO6imG,,,,Nocturn#5416,Nocturn#21461,3430,https://imgur.com/a/D2mVv8W,https://imgur.com/a/ji8cLgR,https://imgur.com/a/gv9hXlZ,,,
aya#6996,ayā#2788,3775,https://imgur.com/a/ViRUqpf,https://imgur.com/a/wYsrPXj,https://imgur.com/a/YsRBMCf,,,,LazyGenzo#9366,Genzo#21357,3801,https://imgur.com/a/daLAI22,https://imgur.com/a/EmCNv90,https://imgur.com/a/8iA6UtL,,,
Lesra#2623,Lesra#21181,3120,https://imgur.com/a/WWbDf6i,https://imgur.com/a/uzwgOOa,https://imgur.com/a/9Z19VSN,,,,NaturE#7881,NaturE#21307,3130,https://i.imgur.com/TMym3Hxh.jpg,https://i.imgur.com/JpXpuvz.png,https://i.imgur.com/ehTNPnh.png,,,
shaun#4215,airwolf#21321,2146,https://imgur.com/a/X5sUq8n,https://imgur.com/a/FcQ0J3f,https://imgur.com/a/BjJXdzr,,,,Ellis#1653,HAMMOND#21953,3473,https://imgur.com/a/JC9sHve,https://imgur.com/a/dbOxJlR,https://imgur.com/a/JwmhOoq,https://imgur.com/a/BJ4vtCR,https://imgur.com/a/BR96vkj,https://imgur.com/a/akvWBHj
|PhantoM|#5059,|PhantoM|#24771,3436,https://imgur.com/a/xknU229,https://imgur.com/a/UVtxiSR,https://imgur.com/a/5UQa1QJ,,,,stone#1629,Stone#22140,3644,https://imgur.com/a/oS97kE3,https://imgur.com/a/rBmKg0O,https://imgur.com/a/CPouE9t,,,
Jasmine #2750,uwu#21688,3195,https://imgur.com/a/xOcMJ9O,https://imgur.com/a/7vDRpNy,https://imgur.com/a/z6SUmkK,,,,Zwottro#4778,Zwottro#2385,3428,https://imgur.com/a/BZXzaNJ,https://imgur.com/a/17g669V,https://imgur.com/a/GzcnRjs,,,
Atsu#8018,Kanbaru#21648,4106,https://imgur.com/a/Y7QapFh,https://imgur.com/a/l7NPMhW,https://imgur.com/a/cGuUcKo,,,,Linda#6686,mattfan01#2687,3778,https://i.imgur.com/cWDTAI5.jpg,https://i.imgur.com/J7BrAiN.jpg,https://i.imgur.com/cWDTAI5.jpg,https://i.imgur.com/FPBsyxu.jpg,https://i.imgur.com/naFEgwD.jpg,https://i.imgur.com/uLz3lpa.jpg
Challenge#7822,Challenge#22264,4189,https://imgur.com/a/YdkHVE5,https://imgur.com/a/aEkV618,https://imgur.com/6E787UL,,,,BleeD#7552,BleeD#2157,3380,https://imgur.com/8ZtDhk7,https://imgur.com/NObyA4w,https://imgur.com/YnUgLC9,,,
"Greater#4233 ","Greater#21346 ",3523,https://imgur.com/a/YGDZO6B,https://imgur.com/a/uLWwQCW,https://imgur.com/a/04Dg0ZM,,,,Gustav#9151,"Gustavjs123#2543 ",3924,https://imgur.com/a/pPdvxok,https://imgur.com/a/0w974S5,https://imgur.com/a/z19oO8k,,,
kachoow#0079,SENTAI#21478,2812,https://imgur.com/a/Zfmmz35,https://imgur.com/a/OUMpk9c,https://imgur.com/a/tncVf8s,,,,Ninjaman#6930,Ninjaman#21739,3166,https://imgur.com/a/607H54G,https://imgur.com/a/434pU60,https://imgur.com/a/JTp0UDe,,,
Joey#8912,Joey#22587,4163,https://imgur.com/Aqg7TEe,https://imgur.com/IVqaCNT,https://imgur.com/pm9CABa,,,,Frost#3846,Frost#26245,4060,https://imgur.com/s49NHUC,https://imgur.com/aqFpO25,https://imgur.com/IBi7qUj,,,
Viserya#3824,Viserya#21869,3171,https://imgur.com/bDr1VPC,https://imgur.com/LeBt6zj,https://imgur.com/OyuoqRr,,,,Majston#0116,Majston#2128,3820,https://imgur.com/HXtfJiH,https://imgur.com/vruHbBR,https://imgur.com/Kq5rTNO,,,
Jedo#5012,KappaPride#21635,2759,https://imgur.com/bmFTTFm,https://imgur.com/dBzNnFs,https://cdn.discordapp.com/attachments/763612535936909332/763613354887086130/jeedo3.png,,,,Banjaii#4326,Banjaii#2338,2797,https://imgur.com/1hP1nNe,https://imgur.com/sP07xaD,https://imgur.com/EpcN2OJ,,,
Rogue#1165,ROGUE#22358,3166,https://imgur.com/C6VKxEd,https://imgur.com/6wyJIC3,https://imgur.com/IO55yUE,,,,DaPenguin19#4003,DAPENGUIN#2617,3281,https://imgur.com/SC2d07X,https://imgur.com/wOsKihW,https://imgur.com/2BKMM8l,,,
Krizzi#6285,Krizzi#21901,4155,https://imgur.com/C7YSD8r,https://imgur.com/yok0Vza,https://cdn.discordapp.com/attachments/767041040711548938/767044638187978822/unknown.png,https://cdn.discordapp.com/attachments/767041040711548938/767049443248963644/unknown.png,https://cdn.discordapp.com/attachments/767041040711548938/767048475028226048/unknown.png,https://cdn.discordapp.com/attachments/767041040711548938/767048525489373184/unknown.png,Rúnki#0785,Rúnki#2412,4086,https://cdn.discordapp.com/attachments/767041040711548938/767043556405542952/unknown.png,https://cdn.discordapp.com/attachments/767041040711548938/767043625984589824/unknown.png,https://cdn.discordapp.com/attachments/767041040711548938/767043719143882764/unknown.png,,,
Flux #3358,Flux#22687,4499,https://imgur.com/dSupYq6,https://imgur.com/YVErPqI,https://imgur.com/tC1jmNS,,,,Milo#4166,Milo#22410,4126,https://imgur.com/Hof0RQZ,https://imgur.com/2P1GVDT,https://imgur.com/zeBSzK8,,,
ZsoL#2379,ZsoL#2379,4086,https://imgur.com/DvxN9cN,https://imgur.com/3lhvucQ,https://imgur.com/RLruCDg,,,,FreZzTRaP#9838,FreZzTRaP#2591,3816,https://imgur.com/ExMjtxU,https://imgur.com/SRXFkau,https://imgur.com/Ma3TZZF,,,
Vg ♡#2016,Vgǃ#2302,4009,https://imgur.com/EgllO9o,https://imgur.com/jFtr84P,https://imgur.com/TCN9b0B,,,,Terrabite#4194,torterrabite#2299,3736,https://imgur.com/jRwb5Y3,https://imgur.com/AVAuIlN,https://imgur.com/nd02abX,,,
Toniki#5316,TNK#21309,4200,https://imgur.com/fhXoDH9,https://imgur.com/a/wJlKyQg,https://imgur.com/brubTAp,,,,Angrod#5819,Angrod#2154,4187,https://imgur.com/oNDfwLG,https://imgur.com/3mYjatE,https://imgur.com/JBM56dV,,,
Quantum#8347,Quantum#21965,4194,https://imgur.com/Fn5OI76,https://imgur.com/MYFQv9a,https://imgur.com/Jmwav4y,,,,GoldyOne #5648,GoldyOne#21332,4294,https://imgur.com/aUz9NTx,https://imgur.com/gVpmceZ,https://imgur.com/NfaV1zf,,,
CrissCross#0710,CrissCross#21492,3160,https://imgur.com/gallery/eP6adTy,https://imgur.com/gallery/eP6adTy,https://imgur.com/gallery/eP6adTy,,,,Jerako#5964,Jerako02#21453,3301,https://imgur.com/gallery/Ji2Ze21,https://imgur.com/gallery/Ji2Ze21,https://imgur.com/gallery/Ji2Ze21,,,
Galast#9237,Galast#2261,4008,https://imgur.com/GGhDQNz,https://imgur.com/PjI3ZIT,https://imgur.com/qpljyn3,https://imgur.com/UoREPmD,https://imgur.com/pTaKViF,https://imgur.com/kbAz0EV,Sap#8174,Sap#21130,3310,https://imgur.com/nKt0iSw,https://imgur.com/oZAdDq4,https://imgur.com/AIuJtg7,,,
Firetruck#2739,Firetruck#21148,3860,https://imgur.com/gYevBss,https://imgur.com/HZpUC9U,https://imgur.com/EMzbKz4,,,,Firekitty#3991,Firekitty#21470,3520,https://imgur.com/9fVeZ7Z,https://imgur.com/leQrtiP,https://imgur.com/rk4dZKc,,,
Blobfish#9525,Blobfish#21569,3386,https://imgur.com/hFjDCFM,https://imgur.com/gJx7K4Q,https://imgur.com/pW6XqM2,,,,Mini_Yeti #3190,MicroYeti#21633,3642,https://imgur.com/jFqqtAZ,https://imgur.com/ssSDAwh,https://imgur.com/kGJAM85,,,
Sahramin##0129,Sahramin#2383,4090,https://imgur.com/hOqbdgt,https://imgur.com/lg8zT5n,https://imgur.com/wRgUl4i,,,,Aftermath #1787,Yeet#21811,3829,https://imgur.com/mZwgqD5,https://imgur.com/rt20ALn,https://imgur.com/dOkdcfz,,,
ex#9897,ex!#2872,3012,https://imgur.com/I2e9MUK,https://imgur.com/LtV9LSw,https://imgur.com/jBqehHy,,,,Schuppililiuma#3266,Nightwatch#21433,3263,https://imgur.com/a/n5G1Gfj,https://imgur.com/a/PD8Ctn0,https://imgur.com/a/FCPE6Qo,,,
cifarus#6926,cifarus#2625,4182,https://imgur.com/jtFYjK5,https://imgur.com/Sx9Owh6,https://imgur.com/aYoX97s,,,,rise#4602,rise#2945,3856,https://imgur.com/ZOwoUTR,https://imgur.com/SYClS10,https://imgur.com/9fwc2rq,,,
imaarocus#6454,imaarocus#2504,3081,https://imgur.com/k5U1b1S,https://imgur.com/EbYyZ5Z,https://imgur.com/YeFHatG,,,,snowfox#6354,Firefox#22535,3370,https://imgur.com/df1AKCI,https://imgur.com/xfHEJpQ,https://imgur.com/ICRIdGV,,,
Widi #9082,widi#21170,4486,https://imgur.com/KedStrK,https://imgur.com/zzeuL5p,https://imgur.com/tWJHloX,,,,Dino #6031,DrunkDino#21963,4420,https://imgur.com/59JpOqf,https://imgur.com/w1wKQvO,https://imgur.com/zDQVnkk,,,
Spudicy#4505,Spudicy#2317,3812,https://imgur.com/kQ9ca7A,https://imgur.com/l7WaCUu,https://imgur.com/C64I7T9,,,,Zed#9893,Zed#25314,3935,https://imgur.com/UR30vTw,https://imgur.com/z5K5A2r,https://imgur.com/e5dEfOZ,,,
Shadow44#0602,Shadow#218755,3034,https://imgur.com/l1HUX2j,https://imgur.com/ZFf9Loh,https://imgur.com/DTp6i2c,,,,Ceener#4999,Ceener#2518,2933,https://imgur.com/NkD29n7,https://imgur.com/3AIGrCM,https://imgur.com/PKsrNeC,,,
benson #9691,Zenpai#21889,3509,https://imgur.com/Lg93ZQg,https://media.discordapp.net/attachments/767377059948920872/767379594344267786/unknown.png?width=1204&height=677,https://imgur.com/6mJcwv9,,,,IMR1 #2549,NANOMEEEEEEE#2138,3009,https://cdn.discordapp.com/attachments/767377059948920872/767380028815704064/unknown.png,https://cdn.discordapp.com/attachments/767377059948920872/767380077092405269/unknown.png,https://cdn.discordapp.com/attachments/767377059948920872/767380120464916500/unknown.png,,,
Herb#2549,Herminator#21383,3206,https://imgur.com/lZBzzpS,https://imgur.com/RKTG1IE,https://imgur.com/ksOQQ71,,,,Morris #2291,Ecirom#21879,3325,https://imgur.com/6M4TLLs,https://imgur.com/TlclRao,https://imgur.com/jYTYN4G,,,
WeronikaKom#3025,Merthykhuwar#2881,3282,https://imgur.com/m6302JS,https://imgur.com/0UAB9Zn,https://imgur.com/ATaChz5,,,,Vigaboid #6310,Vigaboid#2215,2994,https://imgur.com/dd3U4sY,https://imgur.com/wwgzjfS,https://imgur.com/XKqcS9t,,,
Leónidas#6973,Leónidas#21850,3800,https://imgur.com/N6yH0a5,https://imgur.com/sHq9ZMR,https://imgur.com/DdvzxGa,,,,Turbostar#8810,Turbostar#21713,3741,https://imgur.com/l788WmZ,https://imgur.com/ZWflO6j,https://imgur.com/Op0wGfi,,,
Fairy#1804,Fairy#1804,2896,https://imgur.com/NODxhLm,https://imgur.com/DHWXcBe,https://imgur.com/BVvsRmj,,,,Cj <3 #1505,chalkballs72#2978,3210,https://imgur.com/ZT3hsvs,https://imgur.com/kKNDRh5,https://imgur.com/GKlrydm,,,
DMK#2127,Тобіас#2142,3000,https://imgur.com/oWC1xeN,https://imgur.com/oyv0r6W,https://imgur.com/iELcQgU,,,,Gambino#1568,Gambino#21461,3110,https://imgur.com/evuyDfT,https://imgur.com/BaUmMxC,https://imgur.com/Jmp3i9p,,,
Reqço#1111,Rexo#21235,3881,https://imgur.com/qO2yTBn,https://imgur.com/rgGoSnf,https://imgur.com/RZXgWRT,,,,MisterFish#8579,MisterFish#21347,3717,https://imgur.com/bGwCwQc,https://imgur.com/PP2Yvp5,https://imgur.com/SaI0qyJ,https://imgur.com/7zth8qg,https://imgur.com/Mn35tfz,https://imgur.com/32UJeo8
Jormungaz#2424,Jormungaz@2883,2779,https://imgur.com/R4JBvUL,https://imgur.com/EupKhpd,https://imgur.com/ite76Wv,,,,Sayx #2210,Sayx#21915,3212,https://imgur.com/a/sS1atju,https://imgur.com/a/8yCrShF,https://imgur.com/a/03WYL8e,,,
Phila#2794,Phila#21177,3128,https://imgur.com/rDWTl3u,https://imgur.com/1mIRp6g,https://imgur.com/XGqbe16,,,,Zade#5238,Zade#21300,3669,https://imgur.com/sZj2pZB,https://imgur.com/Rkc7JNX,https://imgur.com/uvsbyTK,,,
ʟʊƈɨʄɛʀ#7346,Luc1f3R#21295,2472,https://imgur.com/RilWSdK,https://imgur.com/rJBEKV6,https://imgur.com/N3LzIq2,,,,DVT Jacky #7755,JackTheRiper#21756,2789,https://imgur.com/TRrN5Yo,https://imgur.com/0hXZefg,https://imgur.com/7QjqL9a,,,
BadRabbit#9483,KoS#22421,3481,https://imgur.com/rmjOhpp,https://imgur.com/lS7gtMl,https://imgur.com/WEuWf65,,,,WivSniv#0989,WivSniv#2240,3302,https://imgur.com/Gs6gbvG,https://imgur.com/576KrLq,https://imgur.com/Bx3LiCe,,,
Acerbatus#8445,Acerbatus#2866,2130,https://imgur.com/s2zrQ2F,https://imgur.com/ZpJVbZi,https://imgur.com/ZpJVbZi,,,,Caulisc#7842,Caulisc#2184,2825,https://imgur.com/XtRdaxb,https://imgur.com/t5nBF1j,https://imgur.com/X1rktpn,,,
Bababooey#0076,fruity#21786,3910,https://imgur.com/SDxdrcf,https://imgur.com/EGok7ie,https://imgur.com/1i8D5kD,,,,Xed#9795,ȎƑƑŦǍŊƘǃ#2692,3992,https://imgur.com/heUnUr8,https://imgur.com/xr6Td1B,https://imgur.com/JgyaDhG,https://imgur.com/dx2OqkK,https://imgur.com/FhShtbc,https://imgur.com/UgzMMMv
Vladimir Gluten#1570,Halcyon#21254,2981,https://imgur.com/tccJINC,https://imgur.com/f80j8Rn,https://imgur.com/2lS3FEO,,,,ShurikeN#2988,ShurikeN#21927,2134,https://imgur.com/64FxHiv,https://imgur.com/xbzLIV0,https://imgur.com/xbzLIV0,,,
B0B#5785,bob#23554,3143,https://imgur.com/tiXBial,https://imgur.com/Qdr8qW2,https://imgur.com/Y0pq5sT,https://imgur.com/tiXBial,https://imgur.com/Qdr8qW2,https://imgur.com/Y0pq5sT,Noname889955#2166,Noname#25248,3017,https://imgur.com/Mn2t9CG,https://imgur.com/pbawXFo,https://imgur.com/WyWhhUZ,https://imgur.com/Mn2t9CG,https://imgur.com/pbawXFo,https://imgur.com/WyWhhUZ
Nevix#3353,Nevix#21602,3288,https://imgur.com/uvdpcX3,https://imgur.com/TOUajx0,https://imgur.com/5CuIJty,,,,ImBen#7731,TaxEvasion#2681,3306,https://imgur.com/VecfItn,https://imgur.com/62FMIlH,https://imgur.com/FFHEQtw,,,
Mjolnir #4712,Mjolnir#21534,3451,https://imgur.com/v9AHKZm,https://imgur.com/Ndo1Yas,https://imgur.com/undefined,,,,N0rki #8053,N0rki#1422,3455,https://imgur.com/KbftaQw,https://imgur.com/L9dl8qx,https://imgur.com/pdbzBEF,,,
Neil#5518,NeilHelf#2267,3890,https://imgur.com/W2apkeq,https://imgur.com/TtHOz7s,https://imgur.com/lr3sfuw,https://imgur.com/VsFsxP2,https://imgur.com/TtHOz7s,https://imgur.com/lr3sfuw,Milan#6067,MTNSU#2914,3901,https://imgur.com/yO70JNj,https://imgur.com/ZV1qv3e,https://imgur.com/tmG6eFz,https://imgur.com/yO70JNj,https://imgur.com/ZV1qv3e,https://imgur.com/tmG6eFz
DAP0L0#4780,DAP0L0#2603,4011,https://imgur.com/Wh3YufG,https://imgur.com/2txnpm8,https://imgur.com/CDUsDY1,,,,tosse100#8899,tosse100#2381,3498,https://imgur.com/NqbcziZ,https://imgur.com/xyFE9M2,https://imgur.com/s5vRyRb,,,
skabet#5858,Skabet#2858,3484,https://imgur.com/WsrPBWU,https://imgur.com/DeIueO2,https://imgur.com/LcDbDZ4,,,,GremoryDragon#8133,GremoryDrago#2926,3005,https://imgur.com/ugkmaqK,https://imgur.com/gfLg84K,https://imgur.com/s5mHc6P,,,
muertes13#1469,muertes13#2833,2921,https://imgur.com/X4UQ5i5," https://imgur.com/AluwSn7",https://imgur.com/YE1m68O,,,,LaParcaMadafaka#2389,LaParca#21619,2760,https://imgur.com/jq8BSaj,https://imgur.com/W0aH7hK,https://imgur.com/Vb7c3OX,,,
kandarz#7856,kandarz#2700,4245,https://imgur.com/Y3x2Tc4,https://imgur.com/VEyB1vK,https://imgur.com/zQED8Qu,https://imgur.com/Y3x2Tc4,https://imgur.com/VEyB1vK,https://imgur.com/zQED8Qu,Choopsy#4948,Choopsy#21870,4352,https://imgur.com/wbyZZz4,https://imgur.com/XU6BLYI,https://imgur.com/MmfTrgR,https://imgur.com/wbyZZz4,https://imgur.com/XU6BLYI,https://imgur.com/MmfTrgR
pikanew#8660,pikanew#2127,3236,https://imgur.com/yBEFlk9,https://imgur.com/3ApeQNg,https://imgur.com/S95teff,,,,idono12#8199,idono12#2212,3437,https://imgur.com/FaxB7ZD,https://imgur.com/nZbmZdZ,https://imgur.com/ZfT3jzF,,,
Attacker#7834,Attacker#21157,3880,https://imgur.com/Zseiw8Z,https://imgur.com/2Zrza8S,https://imgur.com/ROFn3aN,,,,TimPlayz#0871,TIMPLAYZ#21943,3818,https://imgur.com/RE7OFOK,https://imgur.com/PjMY5wa,https://imgur.com/T0Ws4WZ,,,
Marcinathi#1877,Marcinathi#2878,3851,https://media.discordapp.net/attachments/691383455543722066/763872056756404234/unknown.png?width=1785&height=911,https://media.discordapp.net/attachments/691383455543722066/763872094727176232/unknown.png?width=1783&height=911,https://media.discordapp.net/attachments/691383455543722066/763872143741812736/unknown.png?width=1792&height=911,,,,Peter27#2662,Peter27#21860,3727,https://cdn.discordapp.com/attachments/603305796138303592/763823872897187850/Overwatch_Screenshot_2020.10.08_-_20.00.24.60.png,https://cdn.discordapp.com/attachments/603305796138303592/763823959568809984/Overwatch_Screenshot_2020.10.08_-_20.00.28.74.png,https://media.discordapp.net/attachments/603305796138303592/763823981341704282/Overwatch_Screenshot_2020.10.08_-_20.00.33.04.png?width=1620&height=911,,,
Skel#5867,Skel#2730,3589,https://media.discordapp.net/attachments/737047735974232077/763861258956832838/Screenshot_12.png?width=933&height=525,https://media.discordapp.net/attachments/737047735974232077/763861270418948146/Screenshot_13.png?width=933&height=525,https://media.discordapp.net/attachments/691383455543722066/763860882101895189/unknown.png?width=933&height=525,,,,Morcos#1815,Morcos#21672,3218,https://media.discordapp.net/attachments/737047735974232077/763861258956832838/Screenshot_12.png?width=933&height=525,https://media.discordapp.net/attachments/737047735974232077/763861270418948146/Screenshot_13.png?width=933&height=525,https://media.discordapp.net/attachments/737047735974232077/763861286088998913/Screenshot_14.png?width=933&height=525,,,
EvilArts#8295,EvilArts#2136,4394,https://owncloud.it-service-pn.de/index.php/s/utsX9WcCQPeld61,https://owncloud.it-service-pn.de/index.php/s/kYlKPjLayOCwFjI,https://owncloud.it-service-pn.de/index.php/s/rNtZpYWKJZHhudm,,,,Domi#3077,Domi#3077,3827,https://owncloud.it-service-pn.de/index.php/s/gkZtuaSdqglRtOs,https://owncloud.it-service-pn.de/index.php/s/MKrVtN2m8wNl77t,https://owncloud.it-service-pn.de/index.php/s/i9Tv9baoC5Cz697,,,
Reef#5902,Reef#21187,3755,https://prnt.sc/uz9jo9,https://prnt.sc/uz9jxo,https://prnt.sc/uz9k10,,,,Saint#2281,Sinner#11379,3900,https://cdn.discordapp.com/attachments/719232785281318985/763801358910357516/unknown.png,https://cdn.discordapp.com/attachments/719232785281318985/763800987142979584/unknown.png,https://cdn.discordapp.com/attachments/719232785281318985/763800987142979584/unknown.png,https://media.discordapp.net/attachments/719232785281318985/763802016639877160/unknown.png?width=997&height=560,https://media.discordapp.net/attachments/719232785281318985/763802016639877160/unknown.png?width=997&height=560,https://media.discordapp.net/attachments/719232785281318985/763802016639877160/unknown.png?width=997&height=560
" Becki#2958",Heart#22210,2633,https://prntscr.com/uuxw18,https://prntscr.com/uuxviy,https://prntscr.com/uuxvpq,,,,Khaladryel#0905,Khaladryel#2623,2798,https://cdn.discordapp.com/attachments/725680762581549108/763464763174813716/76024dec084a7b14e5e18690df52e6f9.png,https://cdn.discordapp.com/attachments/725680762581549108/763464779128897596/6ac794c91396ff0067c499d567bb7167.png,https://cdn.discordapp.com/attachments/725680762581549108/763464793502777394/d9af2073a1dfd1528094d59810a3cc1c.png,,,
VSalat #2987,VSalat#2111,3019,https://transferxl.com/083V8zK1K8FPR,https://transferxl.com/082QXByw4gtNK,https://transferxl.com/08yttDrHmBMRy,,,,Sirius#7838,Megatron2009#2218,3206,https://transferxl.com/08jcPhYqRqb663,https://transferxl.com/08jzym5cxwMQCK,https://transferxl.com/08vXQv4DdDXt4X,,,